,Importe_Total,Cantidad_Productos,Items_Comprados
Importe_Total,1.0,0.8457005136028992,0.6944255015095696
Cantidad_Productos,0.8457005136028992,1.0,0.8649923645534312
Items_Comprados,0.6944255015095696,0.8649923645534312,1.0
