,count,mean,std,min,25%,50%,75%,max,CV_%
Importe_Total,120.0,22095.141666666666,13363.118990888162,272.0,11618.5,19999.0,33260.5,61503.0,60.48
Cantidad_Productos,120.0,8.466666666666667,4.501975912290729,1.0,5.0,8.0,12.0,19.0,53.17
Items_Comprados,120.0,2.8583333333333334,1.3615107361287453,1.0,2.0,3.0,4.0,5.0,47.63
